instagram_post,source_path,mentioned_handles,matched_workbook_handles,suggested_place_names,suggested_workbook_rows,suggested_site_ids,image_count,review_status,notes
post-1,content/instagram/post-1.md,bauxpenco,,,,,2,no_workbook_handle_match,Review caption and images before accepting relationship.
post-2,content/instagram/post-2.md,lastprisonerproject,,,,,0,no_workbook_handle_match,Review caption and images before accepting relationship.
post-3,content/instagram/post-3.md,puffitup,,,,,0,no_workbook_handle_match,Review caption and images before accepting relationship.
post-4,content/instagram/post-4.md,simrellcollection,,,,,0,no_workbook_handle_match,Review caption and images before accepting relationship.
post-5,content/instagram/post-5.md,cloudalchemist,,,,,0,no_workbook_handle_match,Review caption and images before accepting relationship.
post-6,content/instagram/post-6.md,cardinalspirits,cardinalspirits,Cardinal Spirits,2600,,0,strong_handle_match,Review caption and images before accepting relationship.
post-7,content/instagram/post-7.md,thewaystation,,,,,0,no_workbook_handle_match,Review caption and images before accepting relationship.
post-8,content/instagram/post-8.md,thewaystation,,,,,0,no_workbook_handle_match,Review caption and images before accepting relationship.
post-9,content/instagram/post-9.md,bellforestprod,,,,,0,no_workbook_handle_match,Review caption and images before accepting relationship.
post-10,content/instagram/post-10.md,nutsnboltsbeer,,,,,0,no_workbook_handle_match,Review caption and images before accepting relationship.
post-11,content/instagram/post-11.md,lylabugcreations | etsy,,,,,4,no_workbook_handle_match,Review caption and images before accepting relationship.
post-12,content/instagram/post-12.md,drinkhighwest,,,,,0,no_workbook_handle_match,Review caption and images before accepting relationship.
post-13,content/instagram/post-13.md,thehawaiijohnny | olabrewco,,,,,0,no_workbook_handle_match,Review caption and images before accepting relationship.
post-14,content/instagram/post-14.md,iam_djuhoh | wearerehab | clairefontaine_officiel | carandache | chilis | schneiderpengermany,,,,,0,no_workbook_handle_match,Review caption and images before accepting relationship.
post-15,content/instagram/post-15.md,,,,,,0,no_workbook_handle_match,Review caption and images before accepting relationship.
post-16,content/instagram/post-16.md,preciousthingsbeer,,,,,0,no_workbook_handle_match,Review caption and images before accepting relationship.
post-17,content/instagram/post-17.md,xeobrewing,,,,,0,no_workbook_handle_match,Review caption and images before accepting relationship.
post-18,content/instagram/post-18.md,,,,,,0,no_workbook_handle_match,Review caption and images before accepting relationship.
post-19,content/instagram/post-19.md,r.randomactsofcards,,,,,5,no_workbook_handle_match,Review caption and images before accepting relationship.
post-20,content/instagram/post-20.md,8thwonderbrew,8thwonderbrew,8th Wonder Brewery,6754,,0,strong_handle_match,Review caption and images before accepting relationship.
post-21,content/instagram/post-21.md,hughjundys1 | wacom,,,,,2,no_workbook_handle_match,Review caption and images before accepting relationship.
post-22,content/instagram/post-22.md,flyinglionbrewing,,,,,0,no_workbook_handle_match,Review caption and images before accepting relationship.
post-23,content/instagram/post-23.md,paper_mate | newellbrands | aaronrodgers12 | lamy_official,,,,,0,no_workbook_handle_match,Review caption and images before accepting relationship.
post-24,content/instagram/post-24.md,twistedbarley,,,,,0,no_workbook_handle_match,Review caption and images before accepting relationship.
post-25,content/instagram/post-25.md,bearpawriverbrew | brewersassoc | mountaintoad,,,,,0,no_workbook_handle_match,Review caption and images before accepting relationship.
post-26,content/instagram/post-26.md,srkempf,,,,,0,no_workbook_handle_match,Review caption and images before accepting relationship.
post-27,content/instagram/post-27.md,govmikedewine,,,,,3,no_workbook_handle_match,Review caption and images before accepting relationship.
post-28,content/instagram/post-28.md,,,,,,4,no_workbook_handle_match,Review caption and images before accepting relationship.
post-29,content/instagram/post-29.md,simrellcollection | instagram,,,,,0,no_workbook_handle_match,Review caption and images before accepting relationship.
post-30,content/instagram/post-30.md,crookedpecker,,,,,0,no_workbook_handle_match,Review caption and images before accepting relationship.
post-31,content/instagram/post-31.md,,,,,,0,no_workbook_handle_match,Review caption and images before accepting relationship.
post-32,content/instagram/post-32.md,ableebenezerbeer,,,,,2,no_workbook_handle_match,Review caption and images before accepting relationship.
post-33,content/instagram/post-33.md,iam_djuhoh,,,,,0,no_workbook_handle_match,Review caption and images before accepting relationship.
post-34,content/instagram/post-34.md,192brewingco,,,,,0,no_workbook_handle_match,Review caption and images before accepting relationship.
post-35,content/instagram/post-35.md,brbrewpub,,,,,0,no_workbook_handle_match,Review caption and images before accepting relationship.
post-36,content/instagram/post-36.md,lordsquinkton,,,,,0,no_workbook_handle_match,Review caption and images before accepting relationship.
post-37,content/instagram/post-37.md,,,,,,0,no_workbook_handle_match,Review caption and images before accepting relationship.
post-38,content/instagram/post-38.md,lastprisonerproject,,,,,3,no_workbook_handle_match,Review caption and images before accepting relationship.
post-39,content/instagram/post-39.md,nutsnboltsbeer,,,,,0,no_workbook_handle_match,Review caption and images before accepting relationship.
post-40,content/instagram/post-40.md,alliesouth,,,,,2,no_workbook_handle_match,Review caption and images before accepting relationship.
post-41,content/instagram/post-41.md,dogfishinn,,,,,0,no_workbook_handle_match,Review caption and images before accepting relationship.
post-42,content/instagram/post-42.md,tornlabelkc | 1984_kcmo,,,,,0,no_workbook_handle_match,Review caption and images before accepting relationship.
post-43,content/instagram/post-43.md,madknightbrewing,,,,,0,no_workbook_handle_match,Review caption and images before accepting relationship.
post-44,content/instagram/post-44.md,flyinglionbrewing | cloudalchemist,,,,,0,no_workbook_handle_match,Review caption and images before accepting relationship.
post-45,content/instagram/post-45.md,,,,,,0,no_workbook_handle_match,Review caption and images before accepting relationship.
post-46,content/instagram/post-46.md,thewaystation,,,,,0,no_workbook_handle_match,Review caption and images before accepting relationship.
post-47,content/instagram/post-47.md,puffitup,,,,,0,no_workbook_handle_match,Review caption and images before accepting relationship.
post-48,content/instagram/post-48.md,thewaystation,,,,,0,no_workbook_handle_match,Review caption and images before accepting relationship.
post-49,content/instagram/post-49.md,flyinglionbrewing,,,,,0,no_workbook_handle_match,Review caption and images before accepting relationship.
post-50,content/instagram/post-50.md,paper_mate,,,,,8,no_workbook_handle_match,Review caption and images before accepting relationship.
post-51,content/instagram/post-51.md,trafficjamdetroit | endlesspens,,,,,4,no_workbook_handle_match,Review caption and images before accepting relationship.
post-52,content/instagram/post-52.md,galusaurus | cardinalspirits | thewaystation,cardinalspirits,Cardinal Spirits,2600,,0,strong_handle_match,Review caption and images before accepting relationship.
post-53,content/instagram/post-53.md,srkempf,,,,,2,no_workbook_handle_match,Review caption and images before accepting relationship.
post-54,content/instagram/post-54.md,r.randomactsofcards | sendmeanyeticard | drawmeanelephant69420,,,,,0,no_workbook_handle_match,Review caption and images before accepting relationship.
post-55,content/instagram/post-55.md,thewaystation,,,,,0,no_workbook_handle_match,Review caption and images before accepting relationship.
post-56,content/instagram/post-56.md,inkpermanentmakeup,inkpermanentmakeup,ink microblading,7968,,2,strong_handle_match,Review caption and images before accepting relationship.
post-57,content/instagram/post-57.md,thebrewerylaketahoe,,,,,0,no_workbook_handle_match,Review caption and images before accepting relationship.
post-58,content/instagram/post-58.md,ooladistillery,ooladistillery,OOLA Distillery,7478,,0,strong_handle_match,Review caption and images before accepting relationship.
post-59,content/instagram/post-59.md,_benfocus_ | veryfaf,,,,,0,no_workbook_handle_match,Review caption and images before accepting relationship.
post-60,content/instagram/post-60.md,headlessmumbybrewing,,,,,0,no_workbook_handle_match,Review caption and images before accepting relationship.
post-61,content/instagram/post-61.md,loralrose,,,,,0,no_workbook_handle_match,Review caption and images before accepting relationship.
post-62,content/instagram/post-62.md,flyinglionbrewing,,,,,0,no_workbook_handle_match,Review caption and images before accepting relationship.
post-63,content/instagram/post-63.md,thewaystation,,,,,0,no_workbook_handle_match,Review caption and images before accepting relationship.
post-64,content/instagram/post-64.md,dogfishhead,dogfishhead,Dogfish Head Craft Brewery,1718,,0,strong_handle_match,Review caption and images before accepting relationship.
post-65,content/instagram/post-65.md,preciousthingsbeer,,,,,0,no_workbook_handle_match,Review caption and images before accepting relationship.
post-66,content/instagram/post-66.md,graceemacee | gooseisland | gooseislandfulton,,,,,0,no_workbook_handle_match,Review caption and images before accepting relationship.
post-67,content/instagram/post-67.md,,,,,,0,no_workbook_handle_match,Review caption and images before accepting relationship.
post-68,content/instagram/post-68.md,simrellcollection | herb_ripper,,,,,0,no_workbook_handle_match,Review caption and images before accepting relationship.
post-69,content/instagram/post-69.md,uspostalservice,,,,,0,no_workbook_handle_match,Review caption and images before accepting relationship.
post-70,content/instagram/post-70.md,bndlstech | eds_tnt_ | eric_bndlstech,eds_tnt_,ed's TNT,7973,,2,strong_handle_match,Review caption and images before accepting relationship.
post-71,content/instagram/post-71.md,preciousthingsbeer,,,,,0,no_workbook_handle_match,Review caption and images before accepting relationship.
post-72,content/instagram/post-72.md,wearerehab | dogfishinn | therockinal | splice,,,,,0,no_workbook_handle_match,Review caption and images before accepting relationship.
post-73,content/instagram/post-73.md,illuminatedbrewworks,,,,,0,no_workbook_handle_match,Review caption and images before accepting relationship.
post-74,content/instagram/post-74.md,cloudalchemist,,,,,0,no_workbook_handle_match,Review caption and images before accepting relationship.
post-75,content/instagram/post-75.md,farmhmp,,,,,2,no_workbook_handle_match,Review caption and images before accepting relationship.
post-76,content/instagram/post-76.md,simrellcollection,,,,,0,no_workbook_handle_match,Review caption and images before accepting relationship.
post-77,content/instagram/post-77.md,abolitionistaleworks,,,,,0,no_workbook_handle_match,Review caption and images before accepting relationship.
post-78,content/instagram/post-78.md,headlessmumbybrewing,,,,,0,no_workbook_handle_match,Review caption and images before accepting relationship.
post-79,content/instagram/post-79.md,,,,,,0,no_workbook_handle_match,Review caption and images before accepting relationship.
post-80,content/instagram/post-80.md,simrellcollection,,,,,0,no_workbook_handle_match,Review caption and images before accepting relationship.
post-81,content/instagram/post-81.md,thewaystation,,,,,0,no_workbook_handle_match,Review caption and images before accepting relationship.
post-82,content/instagram/post-82.md,,,,,,10,no_workbook_handle_match,Review caption and images before accepting relationship.
post-83,content/instagram/post-83.md,,,,,,4,no_workbook_handle_match,Review caption and images before accepting relationship.
post-84,content/instagram/post-84.md,nutsnboltsbeer,,,,,2,no_workbook_handle_match,Review caption and images before accepting relationship.
post-85,content/instagram/post-85.md,woodyharrelson | carandache.official | endlesspens,,,,,4,no_workbook_handle_match,Review caption and images before accepting relationship.
post-86,content/instagram/post-86.md,,,,,,2,no_workbook_handle_match,Review caption and images before accepting relationship.
post-87,content/instagram/post-87.md,crookedpecker,,,,,2,no_workbook_handle_match,Review caption and images before accepting relationship.
post-88,content/instagram/post-88.md,dogfishinn | bauxpenco,,,,,0,no_workbook_handle_match,Review caption and images before accepting relationship.
post-89,content/instagram/post-89.md,liquid_riot,,,,,0,no_workbook_handle_match,Review caption and images before accepting relationship.
post-90,content/instagram/post-90.md,bauxpenco | dogfishinn | grandten,,,,,0,no_workbook_handle_match,Review caption and images before accepting relationship.
post-91,content/instagram/post-91.md,lordsquinkton,,,,,0,no_workbook_handle_match,Review caption and images before accepting relationship.
post-92,content/instagram/post-92.md,r.randomactsofcards,,,,,3,no_workbook_handle_match,Review caption and images before accepting relationship.
post-93,content/instagram/post-93.md,ddavemods,,,,,7,no_workbook_handle_match,Review caption and images before accepting relationship.
post-94,content/instagram/post-94.md,puffitup | thedankstankk,,,,,0,no_workbook_handle_match,Review caption and images before accepting relationship.
post-95,content/instagram/post-95.md,thewaystation,,,,,0,no_workbook_handle_match,Review caption and images before accepting relationship.
post-96,content/instagram/post-96.md,fullfledgedbeer,,,,,2,no_workbook_handle_match,Review caption and images before accepting relationship.
post-97,content/instagram/post-97.md,nutsnboltsbeer,,,,,0,no_workbook_handle_match,Review caption and images before accepting relationship.
post-98,content/instagram/post-98.md,,,,,,2,no_workbook_handle_match,Review caption and images before accepting relationship.
post-99,content/instagram/post-99.md,flyinglionbrewing,,,,,0,no_workbook_handle_match,Review caption and images before accepting relationship.
post-100,content/instagram/post-100.md,biggrovebrewery,,,,,0,no_workbook_handle_match,Review caption and images before accepting relationship.
post-101,content/instagram/post-101.md,dogfishhead,dogfishhead,Dogfish Head Craft Brewery,1718,,0,strong_handle_match,Review caption and images before accepting relationship.
post-102,content/instagram/post-102.md,puffitup,,,,,0,no_workbook_handle_match,Review caption and images before accepting relationship.
post-103,content/instagram/post-103.md,nutsnboltsbeer,,,,,0,no_workbook_handle_match,Review caption and images before accepting relationship.
post-104,content/instagram/post-104.md,simrellcollection,,,,,0,no_workbook_handle_match,Review caption and images before accepting relationship.
post-105,content/instagram/post-105.md,chapelandmain,chapelandmain,Chapel and Main,4550,chapel-and-main,0,strong_handle_match,Review caption and images before accepting relationship.
post-106,content/instagram/post-106.md,thewaystation,,,,,0,no_workbook_handle_match,Review caption and images before accepting relationship.
post-107,content/instagram/post-107.md,thewaystation,,,,,0,no_workbook_handle_match,Review caption and images before accepting relationship.
post-108,content/instagram/post-108.md,preciousthingsbeer,,,,,0,no_workbook_handle_match,Review caption and images before accepting relationship.
post-109,content/instagram/post-109.md,hobanpress,,,,,6,no_workbook_handle_match,Review caption and images before accepting relationship.
post-110,content/instagram/post-110.md,lastprisonerproject,,,,,0,no_workbook_handle_match,Review caption and images before accepting relationship.
post-111,content/instagram/post-111.md,twobeersbrewing,twobeersbrewing,Two Beers Brewing Co,7476,two-beers-brewing-co,0,strong_handle_match,Review caption and images before accepting relationship.
post-112,content/instagram/post-112.md,brewersassoc,,,,,0,no_workbook_handle_match,Review caption and images before accepting relationship.
post-113,content/instagram/post-113.md,,,,,,0,no_workbook_handle_match,Review caption and images before accepting relationship.
post-114,content/instagram/post-114.md,copperstatebrewing,,,,,0,no_workbook_handle_match,Review caption and images before accepting relationship.
post-115,content/instagram/post-115.md,hbstlouis,,,,,0,no_workbook_handle_match,Review caption and images before accepting relationship.
post-116,content/instagram/post-116.md,nutsnboltsbeer,,,,,0,no_workbook_handle_match,Review caption and images before accepting relationship.
post-117,content/instagram/post-117.md,300sunsbrewing,,,,,0,no_workbook_handle_match,Review caption and images before accepting relationship.
post-118,content/instagram/post-118.md,abnormalbeerco,,,,,0,no_workbook_handle_match,Review caption and images before accepting relationship.
post-119,content/instagram/post-119.md,flyinglionbrewing,,,,,0,no_workbook_handle_match,Review caption and images before accepting relationship.
post-120,content/instagram/post-120.md,thewaystation,,,,,0,no_workbook_handle_match,Review caption and images before accepting relationship.
post-121,content/instagram/post-121.md,pchofficial | thewaystation,,,,,0,no_workbook_handle_match,Review caption and images before accepting relationship.
post-122,content/instagram/post-122.md,thekarmakids_childrensbooks,,,,,5,no_workbook_handle_match,Review caption and images before accepting relationship.
post-123,content/instagram/post-123.md,honolulubeer | roforprez,,,,,0,no_workbook_handle_match,Review caption and images before accepting relationship.
post-124,content/instagram/post-124.md,,,,,,0,no_workbook_handle_match,Review caption and images before accepting relationship.
post-125,content/instagram/post-125.md,curious.40 | karmacoffeeroasters,,,,,2,no_workbook_handle_match,Review caption and images before accepting relationship.
post-126,content/instagram/post-126.md,,,,,,4,no_workbook_handle_match,Review caption and images before accepting relationship.
post-127,content/instagram/post-127.md,lakefrontbrewery | drawmeanelephant69420,,,,,0,no_workbook_handle_match,Review caption and images before accepting relationship.
post-128,content/instagram/post-128.md,thewaystation,,,,,0,no_workbook_handle_match,Review caption and images before accepting relationship.
post-129,content/instagram/post-129.md,,,,,,0,no_workbook_handle_match,Review caption and images before accepting relationship.
post-130,content/instagram/post-130.md,dogfishhead,dogfishhead,Dogfish Head Craft Brewery,1718,,0,strong_handle_match,Review caption and images before accepting relationship.
post-131,content/instagram/post-131.md,uspostalservice | gooseisland | graceemacee,,,,,0,no_workbook_handle_match,Review caption and images before accepting relationship.
post-132,content/instagram/post-132.md,herbsaver | ambernicolee143,,,,,0,no_workbook_handle_match,Review caption and images before accepting relationship.
post-133,content/instagram/post-133.md,madknightbrewing,,,,,0,no_workbook_handle_match,Review caption and images before accepting relationship.
post-134,content/instagram/post-134.md,puffitup,,,,,5,no_workbook_handle_match,Review caption and images before accepting relationship.
post-135,content/instagram/post-135.md,fullfledgedbeer,,,,,2,no_workbook_handle_match,Review caption and images before accepting relationship.
post-136,content/instagram/post-136.md,southern_charm_botanicals,southern_charm_botanicals,Southern Charm Botanicals,6546,,3,strong_handle_match,Review caption and images before accepting relationship.
post-137,content/instagram/post-137.md,thewaystation,,,,,0,no_workbook_handle_match,Review caption and images before accepting relationship.
post-138,content/instagram/post-138.md,thewaystation,,,,,0,no_workbook_handle_match,Review caption and images before accepting relationship.
post-139,content/instagram/post-139.md,,,,,,0,no_workbook_handle_match,Review caption and images before accepting relationship.
post-140,content/instagram/post-140.md,puffitup | swedishfish,,,,,0,no_workbook_handle_match,Review caption and images before accepting relationship.
post-141,content/instagram/post-141.md,r.randomactsofcards,,,,,0,no_workbook_handle_match,Review caption and images before accepting relationship.
post-142,content/instagram/post-142.md,madriverdistillers,madriverdistillers,Mad River Distillers,7969,,0,strong_handle_match,Review caption and images before accepting relationship.
post-143,content/instagram/post-143.md,thewaystation,,,,,0,no_workbook_handle_match,Review caption and images before accepting relationship.
post-144,content/instagram/post-144.md,fountainsquarebrewing,,,,,0,no_workbook_handle_match,Review caption and images before accepting relationship.
post-145,content/instagram/post-145.md,thewaystation,,,,,0,no_workbook_handle_match,Review caption and images before accepting relationship.
post-146,content/instagram/post-146.md,gas_city_vapes,,,,,0,no_workbook_handle_match,Review caption and images before accepting relationship.
post-147,content/instagram/post-147.md,preciousthingsbeer,,,,,0,no_workbook_handle_match,Review caption and images before accepting relationship.
post-148,content/instagram/post-148.md,twobeersbrewing,twobeersbrewing,Two Beers Brewing Co,7476,two-beers-brewing-co,0,strong_handle_match,Review caption and images before accepting relationship.
post-149,content/instagram/post-149.md,pizzahut,,,,,2,no_workbook_handle_match,Review caption and images before accepting relationship.
post-150,content/instagram/post-150.md,thewaystation,,,,,0,no_workbook_handle_match,Review caption and images before accepting relationship.
post-151,content/instagram/post-151.md,middlewestspirits,,,,,0,no_workbook_handle_match,Review caption and images before accepting relationship.
post-152,content/instagram/post-152.md,headlessmumbybrewing,,,,,0,no_workbook_handle_match,Review caption and images before accepting relationship.
post-153,content/instagram/post-153.md,,,,,,0,no_workbook_handle_match,Review caption and images before accepting relationship.
post-154,content/instagram/post-154.md,garrisoncity | cfreddo,garrisoncity,Garrison City Beerworks,4551,garrison-city-beerworks,0,strong_handle_match,Review caption and images before accepting relationship.
post-155,content/instagram/post-155.md,grittymcduffs,,,,,0,no_workbook_handle_match,Review caption and images before accepting relationship.
post-156,content/instagram/post-156.md,pizzahut,,,,,0,no_workbook_handle_match,Review caption and images before accepting relationship.
post-157,content/instagram/post-157.md,r.randomactsofcards | srkempf | instagram,,,,,10,no_workbook_handle_match,Review caption and images before accepting relationship.
post-158,content/instagram/post-158.md,,,,,,0,no_workbook_handle_match,Review caption and images before accepting relationship.
post-159,content/instagram/post-159.md,jscheuerman | letter.queen,,,,,0,no_workbook_handle_match,Review caption and images before accepting relationship.
post-160,content/instagram/post-160.md,simrellcollection,,,,,0,no_workbook_handle_match,Review caption and images before accepting relationship.
post-161,content/instagram/post-161.md,tinder,,,,,0,no_workbook_handle_match,Review caption and images before accepting relationship.
post-162,content/instagram/post-162.md,,,,,,0,no_workbook_handle_match,Review caption and images before accepting relationship.
post-163,content/instagram/post-163.md,nutsnboltsbeer | dogfishinn,,,,,3,no_workbook_handle_match,Review caption and images before accepting relationship.
post-164,content/instagram/post-164.md,r.randomactsofcards,,,,,0,no_workbook_handle_match,Review caption and images before accepting relationship.
post-165,content/instagram/post-165.md,thewaystation,,,,,0,no_workbook_handle_match,Review caption and images before accepting relationship.
post-166,content/instagram/post-166.md,,,,,,4,no_workbook_handle_match,Review caption and images before accepting relationship.
post-167,content/instagram/post-167.md,nutsnboltsbeer,,,,,0,no_workbook_handle_match,Review caption and images before accepting relationship.
post-168,content/instagram/post-168.md,paladinbrew,,,,,2,no_workbook_handle_match,Review caption and images before accepting relationship.
post-169,content/instagram/post-169.md,pizzahut,,,,,2,no_workbook_handle_match,Review caption and images before accepting relationship.
post-170,content/instagram/post-170.md,,,,,,0,no_workbook_handle_match,Review caption and images before accepting relationship.
post-171,content/instagram/post-171.md,,,,,,0,no_workbook_handle_match,Review caption and images before accepting relationship.
post-172,content/instagram/post-172.md,glassblowingbusiness | legitimatebusinessowner,,,,,4,no_workbook_handle_match,Review caption and images before accepting relationship.
post-173,content/instagram/post-173.md,lordsquinkton,,,,,0,no_workbook_handle_match,Review caption and images before accepting relationship.
post-174,content/instagram/post-174.md,gophase3,,,,,0,no_workbook_handle_match,Review caption and images before accepting relationship.
post-175,content/instagram/post-175.md,jeremytheniceguy,,,,,0,no_workbook_handle_match,Review caption and images before accepting relationship.
post-176,content/instagram/post-176.md,thewaystation,,,,,0,no_workbook_handle_match,Review caption and images before accepting relationship.
post-177,content/instagram/post-177.md,dogfishinn,,,,,0,no_workbook_handle_match,Review caption and images before accepting relationship.
post-178,content/instagram/post-178.md,nutsnboltsbeer | apsarapencil_,,,,,4,no_workbook_handle_match,Review caption and images before accepting relationship.
post-179,content/instagram/post-179.md,westsixth | barfhaus | thekarmakids_childrensbooks | r.randomactsofcards,,,,,2,no_workbook_handle_match,Review caption and images before accepting relationship.
post-180,content/instagram/post-180.md,thewaystation,,,,,0,no_workbook_handle_match,Review caption and images before accepting relationship.
post-181,content/instagram/post-181.md,headlessmumbybrewing,,,,,0,no_workbook_handle_match,Review caption and images before accepting relationship.
post-182,content/instagram/post-182.md,boothbaycraftbrewery | sharon_fortune,,,,,0,no_workbook_handle_match,Review caption and images before accepting relationship.
post-183,content/instagram/post-183.md,r.randomactsofcards,,,,,0,no_workbook_handle_match,Review caption and images before accepting relationship.
post-184,content/instagram/post-184.md,r.randomactsofcards | grandten,,,,,3,no_workbook_handle_match,Review caption and images before accepting relationship.
post-185,content/instagram/post-185.md,preciousthingsbeer,,,,,0,no_workbook_handle_match,Review caption and images before accepting relationship.
post-186,content/instagram/post-186.md,madknightbrewing | ooladistillery | xgames,ooladistillery,OOLA Distillery,7478,,2,strong_handle_match,Review caption and images before accepting relationship.
post-187,content/instagram/post-187.md,woolypigfarmbrewery,,,,,0,no_workbook_handle_match,Review caption and images before accepting relationship.
post-188,content/instagram/post-188.md,,,,,,0,no_workbook_handle_match,Review caption and images before accepting relationship.
post-189,content/instagram/post-189.md,chapelandmain,chapelandmain,Chapel and Main,4550,chapel-and-main,0,strong_handle_match,Review caption and images before accepting relationship.
post-190,content/instagram/post-190.md,pokkapens | chanju84,,,,,2,no_workbook_handle_match,Review caption and images before accepting relationship.
post-191,content/instagram/post-191.md,newvape710,,,,,0,no_workbook_handle_match,Review caption and images before accepting relationship.
post-192,content/instagram/post-192.md,fishhawkspirits,,,,,0,no_workbook_handle_match,Review caption and images before accepting relationship.
post-193,content/instagram/post-193.md,thewaystation,,,,,0,no_workbook_handle_match,Review caption and images before accepting relationship.
post-194,content/instagram/post-194.md,greenstarbrewing | uncommongroundchi,,,,,0,no_workbook_handle_match,Review caption and images before accepting relationship.
post-195,content/instagram/post-195.md,mikehessbrewing | dogfishinn,mikehessbrewing,Mike Hess Brewing,811,mike-hess-brewing,0,strong_handle_match,Review caption and images before accepting relationship.
post-196,content/instagram/post-196.md,billetboxvapor,,,,,0,no_workbook_handle_match,Review caption and images before accepting relationship.
post-197,content/instagram/post-197.md,nutsnboltsbeer,,,,,0,no_workbook_handle_match,Review caption and images before accepting relationship.
post-198,content/instagram/post-198.md,stonesthrow,,,,,0,no_workbook_handle_match,Review caption and images before accepting relationship.
post-199,content/instagram/post-199.md,r.randomactsofcards,,,,,0,no_workbook_handle_match,Review caption and images before accepting relationship.
post-200,content/instagram/post-200.md,,,,,,2,no_workbook_handle_match,Review caption and images before accepting relationship.
post-201,content/instagram/post-201.md,etsy,,,,,0,no_workbook_handle_match,Review caption and images before accepting relationship.
post-202,content/instagram/post-202.md,loralrose | reddit | rohrerundklingner_official,,,,,0,no_workbook_handle_match,Review caption and images before accepting relationship.
post-203,content/instagram/post-203.md,,,,,,0,no_workbook_handle_match,Review caption and images before accepting relationship.
post-204,content/instagram/post-204.md,finecreekbrewing,,,,,3,no_workbook_handle_match,Review caption and images before accepting relationship.
post-205,content/instagram/post-205.md,thewaystation,,,,,6,no_workbook_handle_match,Review caption and images before accepting relationship.
post-206,content/instagram/post-206.md,ocbeer | andrusrachael3,,,,,0,no_workbook_handle_match,Review caption and images before accepting relationship.
post-207,content/instagram/post-207.md,onebarrelbrewco,,,,,5,no_workbook_handle_match,Review caption and images before accepting relationship.
post-208,content/instagram/post-208.md,lastprisonerproject,,,,,0,no_workbook_handle_match,Review caption and images before accepting relationship.
post-209,content/instagram/post-209.md,bauxpenco | dogfishinn,,,,,0,no_workbook_handle_match,Review caption and images before accepting relationship.
post-210,content/instagram/post-210.md,cabel | firewatchgame,,,,,0,no_workbook_handle_match,Review caption and images before accepting relationship.
post-211,content/instagram/post-211.md,,,,,,0,no_workbook_handle_match,Review caption and images before accepting relationship.
post-212,content/instagram/post-212.md,3chicbd | 3chicanna,,,,,0,no_workbook_handle_match,Review caption and images before accepting relationship.
post-213,content/instagram/post-213.md,lordsquinkton,,,,,0,no_workbook_handle_match,Review caption and images before accepting relationship.
post-214,content/instagram/post-214.md,honda,,,,,4,no_workbook_handle_match,Review caption and images before accepting relationship.
post-215,content/instagram/post-215.md,puffspendymelts,,,,,0,no_workbook_handle_match,Review caption and images before accepting relationship.
post-216,content/instagram/post-216.md,,,,,,0,no_workbook_handle_match,Review caption and images before accepting relationship.
post-217,content/instagram/post-217.md,coalcreekcoffee | coalcreektap,,,,,0,no_workbook_handle_match,Review caption and images before accepting relationship.
post-218,content/instagram/post-218.md,pizzahut,,,,,0,no_workbook_handle_match,Review caption and images before accepting relationship.
post-219,content/instagram/post-219.md,pizzahut,,,,,0,no_workbook_handle_match,Review caption and images before accepting relationship.
post-220,content/instagram/post-220.md,daveattell,,,,,0,no_workbook_handle_match,Review caption and images before accepting relationship.
post-221,content/instagram/post-221.md,thedankstankk,,,,,0,no_workbook_handle_match,Review caption and images before accepting relationship.
post-222,content/instagram/post-222.md,dogfishhead,dogfishhead,Dogfish Head Craft Brewery,1718,,0,strong_handle_match,Review caption and images before accepting relationship.
post-223,content/instagram/post-223.md,ryeled_up | dogfishinn,,,,,0,no_workbook_handle_match,Review caption and images before accepting relationship.
post-224,content/instagram/post-224.md,puffitup | thedankstankk,,,,,0,no_workbook_handle_match,Review caption and images before accepting relationship.
post-225,content/instagram/post-225.md,puffitup,,,,,3,no_workbook_handle_match,Review caption and images before accepting relationship.
post-226,content/instagram/post-226.md,thewaystation,,,,,0,no_workbook_handle_match,Review caption and images before accepting relationship.
post-227,content/instagram/post-227.md,simrellcollection | vaped2space,,,,,0,no_workbook_handle_match,Review caption and images before accepting relationship.
post-228,content/instagram/post-228.md,gouletpens,,,,,4,no_workbook_handle_match,Review caption and images before accepting relationship.
post-229,content/instagram/post-229.md,,,,,,0,no_workbook_handle_match,Review caption and images before accepting relationship.
post-230,content/instagram/post-230.md,,,,,,0,no_workbook_handle_match,Review caption and images before accepting relationship.
post-231,content/instagram/post-231.md,lakefrontbrewery,,,,,0,no_workbook_handle_match,Review caption and images before accepting relationship.
post-232,content/instagram/post-232.md,,,,,,0,no_workbook_handle_match,Review caption and images before accepting relationship.
post-233,content/instagram/post-233.md,,,,,,0,no_workbook_handle_match,Review caption and images before accepting relationship.
post-234,content/instagram/post-234.md,centralwaters,,,,,2,no_workbook_handle_match,Review caption and images before accepting relationship.
post-235,content/instagram/post-235.md,eight.vape,,,,,0,no_workbook_handle_match,Review caption and images before accepting relationship.
post-236,content/instagram/post-236.md,pizzahut,,,,,0,no_workbook_handle_match,Review caption and images before accepting relationship.
post-237,content/instagram/post-237.md,thatbrewery,thatbrewery,THAT Brewery - Cottonwood,141,,0,strong_handle_match,Review caption and images before accepting relationship.
post-238,content/instagram/post-238.md,fieldsandivybrewery,,,,,0,no_workbook_handle_match,Review caption and images before accepting relationship.
post-239,content/instagram/post-239.md,hopkinsordinary | woolypigfarmbrewery | abolitionistaleworks,,,,,0,no_workbook_handle_match,Review caption and images before accepting relationship.
post-240,content/instagram/post-240.md,,,,,,0,no_workbook_handle_match,Review caption and images before accepting relationship.
post-241,content/instagram/post-241.md,,,,,,0,no_workbook_handle_match,Review caption and images before accepting relationship.
post-242,content/instagram/post-242.md,dogfishhead | dogfishinn,dogfishhead,Dogfish Head Craft Brewery,1718,,0,strong_handle_match,Review caption and images before accepting relationship.
post-243,content/instagram/post-243.md,,,,,,0,no_workbook_handle_match,Review caption and images before accepting relationship.
post-244,content/instagram/post-244.md,simrellcollection,,,,,0,no_workbook_handle_match,Review caption and images before accepting relationship.
post-245,content/instagram/post-245.md,,,,,,0,no_workbook_handle_match,Review caption and images before accepting relationship.
post-246,content/instagram/post-246.md,cbd.apicalgreens,,,,,0,no_workbook_handle_match,Review caption and images before accepting relationship.
post-247,content/instagram/post-247.md,dampfwerkdistillery,,,,,0,no_workbook_handle_match,Review caption and images before accepting relationship.
post-248,content/instagram/post-248.md,portcitybrew | j_hara226 | portcitybill,,,,,2,no_workbook_handle_match,Review caption and images before accepting relationship.
post-249,content/instagram/post-249.md,madknightbrewing,,,,,0,no_workbook_handle_match,Review caption and images before accepting relationship.
post-250,content/instagram/post-250.md,abolitionistaleworks,,,,,0,no_workbook_handle_match,Review caption and images before accepting relationship.
post-251,content/instagram/post-251.md,dildobrewingcompany | abinbev,,,,,0,no_workbook_handle_match,Review caption and images before accepting relationship.
post-252,content/instagram/post-252.md,,,,,,0,no_workbook_handle_match,Review caption and images before accepting relationship.
post-253,content/instagram/post-253.md,stilesandbates,,,,,0,no_workbook_handle_match,Review caption and images before accepting relationship.
post-254,content/instagram/post-254.md,thewaystation,,,,,0,no_workbook_handle_match,Review caption and images before accepting relationship.
post-255,content/instagram/post-255.md,michaelianblack,,,,,6,no_workbook_handle_match,Review caption and images before accepting relationship.
post-256,content/instagram/post-256.md,redeyeflightcontrol,,,,,0,no_workbook_handle_match,Review caption and images before accepting relationship.
post-257,content/instagram/post-257.md,davina.darling | justvanness,justvanness,Vanness Pens,105,,0,strong_handle_match,Review caption and images before accepting relationship.
post-258,content/instagram/post-258.md,brbrewpub,,,,,0,no_workbook_handle_match,Review caption and images before accepting relationship.
post-259,content/instagram/post-259.md,ocbeer,,,,,5,no_workbook_handle_match,Review caption and images before accepting relationship.
post-260,content/instagram/post-260.md,,,,,,0,no_workbook_handle_match,Review caption and images before accepting relationship.
post-261,content/instagram/post-261.md,pizzahut,,,,,2,no_workbook_handle_match,Review caption and images before accepting relationship.
post-262,content/instagram/post-262.md,puffitup | tahoe_toker | pit_viper,,,,,0,no_workbook_handle_match,Review caption and images before accepting relationship.
post-263,content/instagram/post-263.md,lastprisonerproject,,,,,2,no_workbook_handle_match,Review caption and images before accepting relationship.
post-264,content/instagram/post-264.md,blacksprucebeer,,,,,2,no_workbook_handle_match,Review caption and images before accepting relationship.
post-265,content/instagram/post-265.md,,,,,,0,no_workbook_handle_match,Review caption and images before accepting relationship.
post-266,content/instagram/post-266.md,nutsnboltsbeer,,,,,0,no_workbook_handle_match,Review caption and images before accepting relationship.
post-267,content/instagram/post-267.md,simplyelegantglass,simplyelegantglass,simply elegant glass,7971,,0,strong_handle_match,Review caption and images before accepting relationship.
post-268,content/instagram/post-268.md,dogfishinn,,,,,0,no_workbook_handle_match,Review caption and images before accepting relationship.
post-269,content/instagram/post-269.md,billetboxvapor,,,,,0,no_workbook_handle_match,Review caption and images before accepting relationship.
post-270,content/instagram/post-270.md,thewaystation,,,,,0,no_workbook_handle_match,Review caption and images before accepting relationship.
post-271,content/instagram/post-271.md,pizzahut,,,,,0,no_workbook_handle_match,Review caption and images before accepting relationship.
post-272,content/instagram/post-272.md,,,,,,0,no_workbook_handle_match,Review caption and images before accepting relationship.
post-273,content/instagram/post-273.md,twistedbarley | that_craig_guy_13 | newenglandbrewing,that_craig_guy_13,Craig Gilbert,7967,,2,strong_handle_match,Review caption and images before accepting relationship.
post-274,content/instagram/post-274.md,lacrossedistillingco,,,,,0,no_workbook_handle_match,Review caption and images before accepting relationship.
post-275,content/instagram/post-275.md,preciousthingsbeer,,,,,0,no_workbook_handle_match,Review caption and images before accepting relationship.
post-276,content/instagram/post-276.md,thewaystation,,,,,0,no_workbook_handle_match,Review caption and images before accepting relationship.
post-277,content/instagram/post-277.md,puffitup,,,,,0,no_workbook_handle_match,Review caption and images before accepting relationship.
post-278,content/instagram/post-278.md,grandten,,,,,0,no_workbook_handle_match,Review caption and images before accepting relationship.
post-279,content/instagram/post-279.md,,,,,,0,no_workbook_handle_match,Review caption and images before accepting relationship.
post-280,content/instagram/post-280.md,thewaystation,,,,,0,no_workbook_handle_match,Review caption and images before accepting relationship.
post-281,content/instagram/post-281.md,,,,,,0,no_workbook_handle_match,Review caption and images before accepting relationship.
post-282,content/instagram/post-282.md,reefersbay,,,,,0,no_workbook_handle_match,Review caption and images before accepting relationship.
post-283,content/instagram/post-283.md,astriafarmdelta8,,,,,0,no_workbook_handle_match,Review caption and images before accepting relationship.
post-284,content/instagram/post-284.md,napapalisades,,,,,0,no_workbook_handle_match,Review caption and images before accepting relationship.
post-285,content/instagram/post-285.md,dogfishinn,,,,,0,no_workbook_handle_match,Review caption and images before accepting relationship.
post-286,content/instagram/post-286.md,dogfishinn,,,,,0,no_workbook_handle_match,Review caption and images before accepting relationship.
post-287,content/instagram/post-287.md,,,,,,0,no_workbook_handle_match,Review caption and images before accepting relationship.
post-288,content/instagram/post-288.md,lastprisonerproject,,,,,0,no_workbook_handle_match,Review caption and images before accepting relationship.
post-289,content/instagram/post-289.md,preciousthingsbeer,,,,,0,no_workbook_handle_match,Review caption and images before accepting relationship.
post-290,content/instagram/post-290.md,ocbeer,,,,,0,no_workbook_handle_match,Review caption and images before accepting relationship.
post-291,content/instagram/post-291.md,runningtomaine | nutsnboltsbeer | andre3000,,,,,0,no_workbook_handle_match,Review caption and images before accepting relationship.
post-292,content/instagram/post-292.md,yolobrew,,,,,2,no_workbook_handle_match,Review caption and images before accepting relationship.
post-293,content/instagram/post-293.md,thewaystation,,,,,0,no_workbook_handle_match,Review caption and images before accepting relationship.
post-294,content/instagram/post-294.md,trafficjamdetroit | k.evin.j.oy,,,,,2,no_workbook_handle_match,Review caption and images before accepting relationship.
post-295,content/instagram/post-295.md,headlessmumbybrewing,,,,,0,no_workbook_handle_match,Review caption and images before accepting relationship.
post-296,content/instagram/post-296.md,galusaurus | thewaystation,,,,,0,no_workbook_handle_match,Review caption and images before accepting relationship.
post-297,content/instagram/post-297.md,,,,,,2,no_workbook_handle_match,Review caption and images before accepting relationship.
post-298,content/instagram/post-298.md,flyinglionbrewing,,,,,2,no_workbook_handle_match,Review caption and images before accepting relationship.
post-299,content/instagram/post-299.md,flyinglionbrewing,,,,,0,no_workbook_handle_match,Review caption and images before accepting relationship.
post-300,content/instagram/post-300.md,cloudalchemist | 13virtuesbrew | abnormalbeerco,,,,,0,no_workbook_handle_match,Review caption and images before accepting relationship.
post-301,content/instagram/post-301.md,13virtuesbrew | longjohnsilvers,,,,,0,no_workbook_handle_match,Review caption and images before accepting relationship.
post-302,content/instagram/post-302.md,,,,,,0,no_workbook_handle_match,Review caption and images before accepting relationship.
post-303,content/instagram/post-303.md,hueyglassgallery | alecblowsglass,,,,,0,no_workbook_handle_match,Review caption and images before accepting relationship.
post-304,content/instagram/post-304.md,lastprisonerproject | idrawpenplotter | krishnainks | paper_mate | sharpie | rohrerundklingner_official,,,,,4,no_workbook_handle_match,Review caption and images before accepting relationship.
post-305,content/instagram/post-305.md,lakefrontbrewery,,,,,0,no_workbook_handle_match,Review caption and images before accepting relationship.
post-306,content/instagram/post-306.md,tapsfishhouse,,,,,0,no_workbook_handle_match,Review caption and images before accepting relationship.
post-307,content/instagram/post-307.md,thatbrewery,thatbrewery,THAT Brewery - Cottonwood,141,,0,strong_handle_match,Review caption and images before accepting relationship.
post-308,content/instagram/post-308.md,puffitup,,,,,3,no_workbook_handle_match,Review caption and images before accepting relationship.
post-309,content/instagram/post-309.md,,,,,,0,no_workbook_handle_match,Review caption and images before accepting relationship.
post-310,content/instagram/post-310.md,newglarusbrewing,,,,,0,no_workbook_handle_match,Review caption and images before accepting relationship.
post-311,content/instagram/post-311.md,honolulubeer,,,,,4,no_workbook_handle_match,Review caption and images before accepting relationship.
post-312,content/instagram/post-312.md,tinder | nutsnboltsbeer | cambrewingco | brattletheatre,,,,,3,no_workbook_handle_match,Review caption and images before accepting relationship.
post-313,content/instagram/post-313.md,saintanthonyindustries,,,,,0,no_workbook_handle_match,Review caption and images before accepting relationship.
post-314,content/instagram/post-314.md,smogcitybeer | fourloko,,,,,0,no_workbook_handle_match,Review caption and images before accepting relationship.
post-315,content/instagram/post-315.md,,,,,,4,no_workbook_handle_match,Review caption and images before accepting relationship.
post-316,content/instagram/post-316.md,madknightbrewing,,,,,6,no_workbook_handle_match,Review caption and images before accepting relationship.
post-317,content/instagram/post-317.md,sherbetglassart | sherbetscoops,,,,,0,no_workbook_handle_match,Review caption and images before accepting relationship.
post-318,content/instagram/post-318.md,nocto_yla | silvercitybrewery,,,,,0,no_workbook_handle_match,Review caption and images before accepting relationship.
post-319,content/instagram/post-319.md,treasuredletter | baconqueen_911,,,,,0,no_workbook_handle_match,Review caption and images before accepting relationship.
post-320,content/instagram/post-320.md,pizzahut,,,,,0,no_workbook_handle_match,Review caption and images before accepting relationship.
post-321,content/instagram/post-321.md,,,,,,0,no_workbook_handle_match,Review caption and images before accepting relationship.
post-322,content/instagram/post-322.md,flawlessvapeshop,,,,,0,no_workbook_handle_match,Review caption and images before accepting relationship.
post-323,content/instagram/post-323.md,r.randomactsofcards | ryeled_up,,,,,2,no_workbook_handle_match,Review caption and images before accepting relationship.
post-324,content/instagram/post-324.md,,,,,,0,no_workbook_handle_match,Review caption and images before accepting relationship.
post-325,content/instagram/post-325.md,pokkapens | riteintherain,,,,,7,no_workbook_handle_match,Review caption and images before accepting relationship.
post-326,content/instagram/post-326.md,,,,,,0,no_workbook_handle_match,Review caption and images before accepting relationship.
post-327,content/instagram/post-327.md,r.randomactsofcards,,,,,0,no_workbook_handle_match,Review caption and images before accepting relationship.
post-328,content/instagram/post-328.md,myuwell,,,,,2,no_workbook_handle_match,Review caption and images before accepting relationship.
post-329,content/instagram/post-329.md,pizzahut,,,,,4,no_workbook_handle_match,Review caption and images before accepting relationship.
post-330,content/instagram/post-330.md,,,,,,0,no_workbook_handle_match,Review caption and images before accepting relationship.
post-331,content/instagram/post-331.md,,,,,,0,no_workbook_handle_match,Review caption and images before accepting relationship.
post-332,content/instagram/post-332.md,lakefrontbrewery,,,,,2,no_workbook_handle_match,Review caption and images before accepting relationship.
post-333,content/instagram/post-333.md,nectarcollector710,,,,,0,no_workbook_handle_match,Review caption and images before accepting relationship.
post-334,content/instagram/post-334.md,terrapinbeerco,terrapinbeerco,Terrapin Beer Co,2051,terrapin-beer-co,4,strong_handle_match,Review caption and images before accepting relationship.
post-335,content/instagram/post-335.md,,,,,,0,no_workbook_handle_match,Review caption and images before accepting relationship.
post-336,content/instagram/post-336.md,pizzahut,,,,,0,no_workbook_handle_match,Review caption and images before accepting relationship.
post-337,content/instagram/post-337.md,usps.official,,,,,4,no_workbook_handle_match,Review caption and images before accepting relationship.
post-338,content/instagram/post-338.md,405brewing | rlove2187,405brewing,(405) Brewing Co,5616,,0,strong_handle_match,Review caption and images before accepting relationship.
post-339,content/instagram/post-339.md,chatgpt | kanpurwriters | 3rdplanetbrewing,,,,,0,no_workbook_handle_match,Review caption and images before accepting relationship.
post-340,content/instagram/post-340.md,,,,,,1,no_workbook_handle_match,Review caption and images before accepting relationship.
post-341,content/instagram/post-341.md,that_craig_guy_13,that_craig_guy_13,Craig Gilbert,7967,,1,strong_handle_match,Review caption and images before accepting relationship.
post-342,content/instagram/post-342.md,,,,,,1,no_workbook_handle_match,Review caption and images before accepting relationship.
post-343,content/instagram/post-343.md,,,,,,1,no_workbook_handle_match,Review caption and images before accepting relationship.
post-344,content/instagram/post-344.md,bigdillystyle21,,,,,1,no_workbook_handle_match,Review caption and images before accepting relationship.
post-345,content/instagram/post-345.md,,,,,,1,no_workbook_handle_match,Review caption and images before accepting relationship.
post-346,content/instagram/post-346.md,,,,,,1,no_workbook_handle_match,Review caption and images before accepting relationship.
post-347,content/instagram/post-347.md,,,,,,1,no_workbook_handle_match,Review caption and images before accepting relationship.
post-348,content/instagram/post-348.md,,,,,,1,no_workbook_handle_match,Review caption and images before accepting relationship.
post-349,content/instagram/post-349.md,,,,,,1,no_workbook_handle_match,Review caption and images before accepting relationship.
post-350,content/instagram/post-350.md,,,,,,1,no_workbook_handle_match,Review caption and images before accepting relationship.
post-351,content/instagram/post-351.md,,,,,,1,no_workbook_handle_match,Review caption and images before accepting relationship.
post-352,content/instagram/post-352.md,,,,,,1,no_workbook_handle_match,Review caption and images before accepting relationship.
post-353,content/instagram/post-353.md,,,,,,1,no_workbook_handle_match,Review caption and images before accepting relationship.
post-354,content/instagram/post-354.md,,,,,,1,no_workbook_handle_match,Review caption and images before accepting relationship.
post-355,content/instagram/post-355.md,,,,,,1,no_workbook_handle_match,Review caption and images before accepting relationship.
post-356,content/instagram/post-356.md,,,,,,1,no_workbook_handle_match,Review caption and images before accepting relationship.
post-357,content/instagram/post-357.md,,,,,,1,no_workbook_handle_match,Review caption and images before accepting relationship.
post-358,content/instagram/post-358.md,,,,,,1,no_workbook_handle_match,Review caption and images before accepting relationship.
post-359,content/instagram/post-359.md,,,,,,1,no_workbook_handle_match,Review caption and images before accepting relationship.
post-360,content/instagram/post-360.md,,,,,,1,no_workbook_handle_match,Review caption and images before accepting relationship.
